{
  "epoch4": {
    "ln_mean": 2.5403266763592542,
    "ic50_mean": 13.622164447627535,
    "ic50_med": 12.971781943682625
  },
  "v1_rl": {
    "ln_mean": 2.076253212407233,
    "ic50_mean": 8.282835441730352,
    "ic50_med": 8.034377376275009
  },
  "v3_rl": {
    "ln_mean": 0.44779131898746066,
    "ic50_mean": 1.6196360536849455,
    "ic50_med": 1.5214419494435765
  }
}