{
  "epoch4_prior": {
    "ln_ic50_mean": 2.56221706691248,
    "ic50_uM_mean": 13.976013843124719,
    "ic50_uM_median": 13.11338300427537,
    "ic50_uM_min": 2.3288870725069883,
    "ic50_uM_q1": 10.149398553722484,
    "ic50_uM_q3": 16.862119346255017,
    "pct_below_5uM": 1.266464032421479,
    "pct_below_10uM": 23.75886524822695
  },
  "rl_agent": {
    "ln_ic50_mean": 2.0688141190374103,
    "ic50_uM_mean": 8.207910561469522,
    "ic50_uM_median": 7.95051778126829,
    "ic50_uM_min": 2.3583709431050615,
    "ic50_uM_q1": 6.7933070405031115,
    "ic50_uM_q3": 9.269819905053552,
    "pct_below_5uM": 4.4579533941236065,
    "pct_below_10uM": 84.34650455927051
  }
}